<?xml version="1.0" encoding="UTF-8"?>
<model package="pixlman" baseClass="xPDOObject" platform="mysql" defaultEngine="MyISAM">
    <object class="Pixlman" table="pixlman" extends="xPDOSimpleObject">
        <field key="title" dbtype="varchar" precision="255" phptype="string" null="false" default=""/>
        <field key="location" dbtype="varchar" precision="255" phptype="string" null="false" default=""/>
        <field key="pixel" dbtype="text" phptype="string" null="false" default=""/>
        <field key="status" dbtype="int" precision="10" attributes="unsigned" phptype="integer" null="false" default="0" />

        <field key="createdon" dbtype="datetime" phptype="datetime" null="true"/>
        <field key="createdby" dbtype="int" precision="10" attributes="unsigned" phptype="integer" null="false" default="0" />
        <field key="editedon" dbtype="datetime" phptype="datetime" null="true"/>
        <field key="editedby" dbtype="int" precision="10" attributes="unsigned" phptype="integer" null="false" default="0" />

        <aggregate alias="CreatedBy" class="modUser" local="createdby" foreign="id" cardinality="one" owner="foreign"/>
        <aggregate alias="EditedBy" class="modUser" local="editedby" foreign="id" cardinality="one" owner="foreign"/>
    </object>
</model>
